{
  "schemaVersion": 1,
  "generatedAt": "2026-07-11T13:16:05.008Z",
  "environment": {
    "note": "macOS arm64 local production-artifact baseline; see raw workflow artifacts for exact environment"
  },
  "optimization": {
    "target": "examples/agent-console eventLog history publication",
    "change": "shallow mutable backing array",
    "cliFramedBurstElapsedMedianBeforeMs": 2944,
    "cliFramedBurstElapsedMedianAfterMs": 1595,
    "improvementPercent": 45.8,
    "decision": "keep optimization; no evidence for vue-tui cache, long-text, renderer, or virtual-scroll changes"
  },
  "scenarios": {
    "cli/tail-stream-steady": {
      "runCount": 5,
      "frameP95": {
        "runs": 5,
        "median": 2.391082999999526,
        "min": 2.306041999999252,
        "max": 3.008750000000873,
        "cv": 0.10255332516195965,
        "range": [2.306041999999252, 3.008750000000873]
      },
      "frameMax": {
        "runs": 5,
        "median": 15.64654100000007,
        "min": 8.636124999999993,
        "max": 81.06487500000003,
        "cv": 0.8778627810993558,
        "range": [8.636124999999993, 81.06487500000003]
      },
      "elapsedMs": {
        "runs": 5,
        "median": 7102.9043329999995,
        "min": 6917.37025,
        "max": 7743.436208000001,
        "cv": 0.042723850157527894,
        "range": [6917.37025, 7743.436208000001]
      },
      "inputToPaintMs": null
    },
    "cli/tail-append-burst-framed": {
      "runCount": 5,
      "frameP95": {
        "runs": 5,
        "median": 2.6655000000000655,
        "min": 2.434291000000485,
        "max": 2.858166999999412,
        "cv": 0.057617549983914586,
        "range": [2.434291000000485, 2.858166999999412]
      },
      "frameMax": {
        "runs": 5,
        "median": 8.957499999999982,
        "min": 5.769624999999905,
        "max": 12.036833000000115,
        "cv": 0.22092582788890658,
        "range": [5.769624999999905, 12.036833000000115]
      },
      "elapsedMs": {
        "runs": 5,
        "median": 1594.589959,
        "min": 1485.6909999999998,
        "max": 1627.524042,
        "cv": 0.03984267810465348,
        "range": [1485.6909999999998, 1627.524042]
      },
      "inputToPaintMs": null
    },
    "cli/tail-append-burst-single-task": {
      "runCount": 5,
      "frameP95": {
        "runs": 5,
        "median": 0.31275000000005093,
        "min": 0.24774999999999636,
        "max": 0.7035000000005311,
        "cv": 0.44046788710515317,
        "range": [0.24774999999999636, 0.7035000000005311]
      },
      "frameMax": {
        "runs": 5,
        "median": 3.9120419999999285,
        "min": 3.7119170000005397,
        "max": 4.350625000000036,
        "cv": 0.058326137006371744,
        "range": [3.7119170000005397, 4.350625000000036]
      },
      "elapsedMs": {
        "runs": 5,
        "median": 855.3210830000003,
        "min": 815.8851670000004,
        "max": 907.1277919999998,
        "cv": 0.03983535721250405,
        "range": [815.8851670000004, 907.1277919999998]
      },
      "inputToPaintMs": null
    },
    "cli/detached-append": {
      "runCount": 5,
      "frameP95": {
        "runs": 5,
        "median": 2.3296250000003056,
        "min": 1.9992080000001806,
        "max": 2.472041999999874,
        "cv": 0.08196982945370951,
        "range": [1.9992080000001806, 2.472041999999874]
      },
      "frameMax": {
        "runs": 5,
        "median": 6.454458000000159,
        "min": 5.123833999999988,
        "max": 8.043083000000024,
        "cv": 0.14504326804675405,
        "range": [5.123833999999988, 8.043083000000024]
      },
      "elapsedMs": {
        "runs": 5,
        "median": 1356.0060000000003,
        "min": 1313.1632090000003,
        "max": 1533.7648329999997,
        "cv": 0.05655352943774636,
        "range": [1313.1632090000003, 1533.7648329999997]
      },
      "inputToPaintMs": null
    },
    "cli/search-large-history": {
      "runCount": 5,
      "frameP95": {
        "runs": 5,
        "median": 3.471542000000227,
        "min": 3.265542000000096,
        "max": 3.5331249999999272,
        "cv": 0.02704123067908925,
        "range": [3.265542000000096, 3.5331249999999272]
      },
      "frameMax": {
        "runs": 5,
        "median": 6.50354200000038,
        "min": 6.170208999999886,
        "max": 6.5862090000000535,
        "cv": 0.02312593556465885,
        "range": [6.170208999999886, 6.5862090000000535]
      },
      "elapsedMs": {
        "runs": 5,
        "median": 82.62062500000002,
        "min": 80.41516700000011,
        "max": 88.28141600000026,
        "cv": 0.03590273454149888,
        "range": [80.41516700000011, 88.28141600000026]
      },
      "inputToPaintMs": null
    },
    "cli/stream-scroll-interaction": {
      "runCount": 5,
      "frameP95": {
        "runs": 5,
        "median": 2.452332999999271,
        "min": 2.2842920000002778,
        "max": 2.6432499999991705,
        "cv": 0.06304943050807706,
        "range": [2.2842920000002778, 2.6432499999991705]
      },
      "frameMax": {
        "runs": 5,
        "median": 18.008583000000726,
        "min": 3.9493749999996908,
        "max": 40.58050000000003,
        "cv": 0.6705926769858493,
        "range": [3.9493749999996908, 40.58050000000003]
      },
      "elapsedMs": {
        "runs": 5,
        "median": 6571.374,
        "min": 6474.736917,
        "max": 6750.074041999999,
        "cv": 0.014796652871409815,
        "range": [6474.736917, 6750.074041999999]
      },
      "inputToPaintMs": null
    },
    "browser/tail-stream-steady": {
      "runCount": 5,
      "frameP95": {
        "runs": 5,
        "median": 0.8999998569488525,
        "min": 0.8000001907348633,
        "max": 0.8999998569488525,
        "cv": 0.056964688230045635,
        "range": [0.8000001907348633, 0.8999998569488525]
      },
      "frameMax": {
        "runs": 5,
        "median": 1.7000000476837158,
        "min": 1.6000001430511475,
        "max": 2,
        "cv": 0.07707190439019243,
        "range": [1.6000001430511475, 2]
      },
      "elapsedMs": {
        "runs": 5,
        "median": 10679.5,
        "min": 10665.699999809265,
        "max": 10719.400000095367,
        "cv": 0.0018867426111472238,
        "range": [10665.699999809265, 10719.400000095367]
      },
      "inputToPaintMs": null
    },
    "browser/tail-append-burst-framed": {
      "runCount": 5,
      "frameP95": {
        "runs": 5,
        "median": 1,
        "min": 1,
        "max": 1.0999999046325684,
        "cv": 0.04710552878104592,
        "range": [1, 1.0999999046325684]
      },
      "frameMax": {
        "runs": 5,
        "median": 1.5999999046325684,
        "min": 1.5,
        "max": 2.299999952316284,
        "cv": 0.17279650768663998,
        "range": [1.5, 2.299999952316284]
      },
      "elapsedMs": {
        "runs": 5,
        "median": 3463.600000143051,
        "min": 3411.5999999046326,
        "max": 3517.2000000476837,
        "cv": 0.009851732322088597,
        "range": [3411.5999999046326, 3517.2000000476837]
      },
      "inputToPaintMs": null
    },
    "browser/tail-append-burst-single-task": {
      "runCount": 5,
      "frameP95": {
        "runs": 5,
        "median": 1.1000001430511475,
        "min": 1.0999999046325684,
        "max": 1.2000000476837158,
        "cv": 0.04297344584111196,
        "range": [1.0999999046325684, 1.2000000476837158]
      },
      "frameMax": {
        "runs": 5,
        "median": 1.8999998569488525,
        "min": 1.8000001907348633,
        "max": 2.200000047683716,
        "cv": 0.08366600835272596,
        "range": [1.8000001907348633, 2.200000047683716]
      },
      "elapsedMs": {
        "runs": 5,
        "median": 3043.2000000476837,
        "min": 3019.5,
        "max": 3095.7999999523163,
        "cv": 0.00968480278109613,
        "range": [3019.5, 3095.7999999523163]
      },
      "inputToPaintMs": null
    },
    "browser/detached-append": {
      "runCount": 5,